2026-05-23 22:13:36,3,0.5214,0.1370
2026-05-23 22:14:37,15,0.4298,0.1660
2026-05-23 22:15:38,27,0.6176,0.2125
2026-05-23 22:16:39,39,0.6532,0.2940
2026-05-23 22:17:40,51,1.0572,0.3457
2026-05-23 22:18:41,64,1.0192,0.5173
2026-05-23 22:19:43,76,0.8437,0.3744
2026-05-23 22:20:44,88,1.1901,0.4685
2026-05-23 22:21:46,101,1.1944,0.6528
2026-05-23 22:22:48,4,0.4459,0.1696
2026-05-23 22:23:49,16,0.5571,0.3001
2026-05-23 22:24:50,29,0.6594,0.2838
2026-05-23 22:25:51,41,0.9370,0.3095
2026-05-23 22:26:53,53,1.1788,0.4239
2026-05-23 22:27:54,65,1.5940,0.5069
2026-05-23 22:28:57,78,1.7174,0.6252
2026-05-23 22:29:59,101,2.1759,0.7935
2026-05-23 22:31:03,138,1.9617,0.8795
2026-05-23 22:32:06,175,2.3552,1.2498
2026-05-23 22:33:10,20,0.9131,0.3447
2026-05-23 22:34:11,32,1.1478,0.3878
2026-05-23 22:35:13,44,1.0778,0.6191
2026-05-23 22:36:15,57,1.0837,0.4088
2026-05-23 22:37:17,69,1.0777,0.5093
2026-05-23 22:38:18,81,1.1776,0.4691
2026-05-23 22:39:20,94,1.2665,0.6130
2026-05-23 22:40:22,106,1.3675,0.9843
2026-05-23 22:41:25,119,1.4539,0.7135
2026-05-23 22:42:27,6,0.6187,0.2058
2026-05-23 22:43:28,18,0.6702,0.2860
2026-05-23 22:44:29,30,0.9070,0.3407
2026-05-23 22:45:31,43,0.9715,0.3173
2026-05-23 22:46:32,55,1.0497,0.4216
2026-05-23 22:47:34,67,1.2305,0.4955
2026-05-23 22:48:36,80,1.4196,0.6028
2026-05-23 22:49:38,92,1.4550,0.6258
2026-05-23 22:50:40,105,1.5282,0.7126
2026-05-23 22:51:43,117,2.2071,1.0121
2026-05-23 22:52:47,15,1.0651,0.2827
2026-05-23 22:53:48,36,1.3378,0.4095
2026-05-23 22:54:50,72,1.5426,0.6478
2026-05-23 22:55:53,108,2.0097,0.8489
2026-05-23 22:56:56,134,1.9427,1.3235
2026-05-23 22:58:00,14,1.2740,0.3395
2026-05-23 22:59:01,27,1.2666,0.3440
2026-05-23 23:00:03,40,1.1424,0.6692
2026-05-23 23:01:05,53,1.2346,0.4833
2026-05-23 23:02:07,65,1.4082,0.4563
2026-05-23 23:03:10,77,1.6395,0.6599
2026-05-23 23:04:12,90,1.4555,0.6140
2026-05-23 23:05:15,102,1.6822,0.6595
2026-05-23 23:06:18,115,1.6884,0.8371
2026-05-23 23:07:20,10,0.8286,0.2498
2026-05-23 23:08:22,22,0.9683,0.3943
2026-05-23 23:09:23,34,0.8945,0.2718
2026-05-23 23:10:24,46,1.3679,0.3072
2026-05-23 23:11:26,59,1.1620,0.4139
2026-05-23 23:12:28,71,1.5648,0.7390
2026-05-23 23:13:30,84,1.4710,0.7073
2026-05-23 23:14:33,96,1.8133,0.8325
2026-05-23 23:15:36,109,2.0374,0.8571
2026-05-23 23:16:39,5,1.1536,0.3414
2026-05-23 23:17:41,26,1.3230,0.3614
2026-05-23 23:18:43,58,1.8025,0.8894
2026-05-23 23:19:45,97,1.8123,0.7602
2026-05-23 23:20:48,121,2.1578,0.8256
2026-05-23 23:21:51,6,1.3216,0.3820
2026-05-23 23:22:53,18,1.5346,0.4788
2026-05-23 23:23:56,31,1.4811,0.4757
2026-05-23 23:24:58,43,1.4235,0.5477
2026-05-23 23:26:00,55,1.7044,0.5915
2026-05-23 23:27:02,68,1.6112,0.7378
2026-05-23 23:28:05,81,1.6948,0.6022
2026-05-23 23:29:07,93,1.4760,0.6973
2026-05-23 23:30:10,105,1.4737,0.6638
2026-05-23 23:31:12,118,1.7798,0.8753
2026-05-23 23:32:15,15,0.9276,0.2390
2026-05-23 23:33:16,27,1.0569,0.3276
2026-05-23 23:34:18,39,1.2395,0.3470
2026-05-23 23:35:20,51,1.4536,0.3837
2026-05-23 23:36:21,64,1.2030,0.5555
2026-05-23 23:37:23,76,1.9251,0.6591
2026-05-23 23:38:26,89,1.6457,0.6697
2026-05-23 23:39:29,101,2.4499,0.9733
2026-05-23 23:40:33,114,2.1336,0.8661
2026-05-23 23:41:36,16,1.3781,0.4599
2026-05-23 23:42:38,46,1.6975,0.4975
2026-05-23 23:43:41,85,1.8250,0.6585
2026-05-23 23:44:43,111,2.5504,0.8120
2026-05-23 23:45:47,126,2.3650,1.2486
2026-05-23 23:46:51,11,1.3130,0.2960
2026-05-23 23:47:53,23,1.3253,0.3940
2026-05-23 23:48:54,35,1.5008,0.4855
2026-05-23 23:49:57,48,1.4447,0.4031
2026-05-23 23:50:59,60,1.8538,0.5503
2026-05-23 23:52:01,73,1.6968,0.6172
2026-05-23 23:53:04,85,1.7042,0.4896
2026-05-23 23:54:07,98,1.8614,0.7104
2026-05-23 23:55:09,110,1.8114,0.7107
2026-05-23 23:56:12,6,1.0039,0.2733
2026-05-23 23:57:14,18,1.1070,0.3344
2026-05-23 23:58:15,31,1.1716,0.3610
2026-05-23 23:59:17,43,1.3177,0.4230
2026-05-24 00:00:19,55,1.7404,0.4575
2026-05-24 00:01:21,68,1.7705,0.7746
2026-05-24 00:02:24,80,2.0752,0.6349
2026-05-24 00:03:27,93,2.0337,0.8506
2026-05-24 00:04:30,105,2.2804,0.8752
2026-05-24 00:05:33,124,2.9076,0.9706
2026-05-24 00:06:38,32,1.6583,0.4937
2026-05-24 00:07:40,68,2.0927,0.6694
2026-05-24 00:08:43,96,2.6039,0.8000
2026-05-24 00:09:46,111,2.5367,0.9124
2026-05-24 00:10:50,124,2.3240,0.7332
2026-05-24 00:11:53,16,1.3338,0.4379
2026-05-24 00:12:55,29,1.1847,0.4232
2026-05-24 00:13:57,6,0.3883,0.1417
2026-05-24 00:14:58,18,0.4467,0.1848
2026-05-24 00:15:58,30,0.5831,0.1914
2026-05-24 00:16:59,42,0.7463,0.2218
2026-05-24 00:18:00,55,0.7874,0.2973
2026-05-24 00:19:02,67,0.8736,0.4482
2026-05-24 00:20:03,79,0.8796,0.3858
2026-05-24 00:21:05,91,1.3422,0.5042
2026-05-24 00:22:07,104,1.3735,0.7420
2026-05-24 00:23:09,116,1.7124,0.6990
2026-05-24 00:24:12,129,1.5040,0.7886
2026-05-24 00:25:14,141,1.7687,0.7696
2026-05-24 00:26:17,154,2.0020,1.1418
2026-05-24 00:27:21,3,0.6991,0.1893
2026-05-24 00:28:22,15,0.6608,0.2511
2026-05-24 00:29:23,31,0.8685,0.3141
2026-05-24 00:30:24,59,1.3639,0.4550
2026-05-24 00:31:26,98,1.8284,0.6961
2026-05-24 00:32:29,127,2.4256,0.7376
2026-05-24 00:33:32,146,1.9633,1.1244
2026-05-24 00:34:36,159,2.1827,1.0304
2026-05-24 00:35:39,171,2.5593,1.0311
2026-05-24 00:36:43,184,2.1104,1.1320
2026-05-24 00:37:47,10,0.8267,0.1972
2026-05-24 00:38:48,22,0.7302,0.2998
2026-05-24 00:39:49,34,0.7556,0.4611
2026-05-24 00:40:50,47,0.9303,0.3926
2026-05-24 00:41:52,59,1.0044,0.4863
2026-05-24 00:42:53,71,0.9785,0.6178
2026-05-24 00:43:55,84,1.0306,0.6005
2026-05-24 00:44:57,96,1.3067,0.8445
2026-05-24 00:45:59,108,1.8725,0.6929
2026-05-24 00:47:02,121,1.4883,0.6873
2026-05-24 00:48:04,133,1.8211,0.7915
2026-05-24 00:49:07,146,1.9823,1.1013
2026-05-24 00:50:11,159,2.2017,0.8563
2026-05-24 00:51:14,171,2.5137,1.1388
2026-05-24 00:52:18,14,1.0782,0.4318
2026-05-24 00:53:20,29,1.1952,0.3921
2026-05-24 00:54:22,60,1.8500,0.5668
2026-05-24 00:55:24,95,2.2711,0.5609
2026-05-24 00:56:27,126,1.8588,1.0544
2026-05-24 00:57:30,144,2.1203,0.9425
2026-05-24 00:58:34,156,2.4548,1.0530
2026-05-24 00:59:37,169,2.8557,1.1546
2026-05-24 01:00:42,182,2.2014,1.1798
2026-05-24 01:01:45,10,1.0138,0.2268
2026-05-24 01:02:47,22,0.9514,0.3082
2026-05-24 01:03:48,34,0.8779,0.5176
2026-05-24 01:04:50,46,1.1056,0.3217
2026-05-24 01:05:51,59,1.1304,0.4737
2026-05-24 01:06:53,71,1.2923,0.7228
2026-05-24 01:07:55,84,1.2453,0.4608
2026-05-24 01:08:57,96,1.5482,0.6368
2026-05-24 01:10:00,108,1.8216,0.6836
2026-05-24 01:11:02,121,1.6446,0.9913
2026-05-24 01:12:05,134,1.7850,1.0328
2026-05-24 01:13:08,146,2.4846,0.9835
2026-05-24 01:14:12,159,2.2173,0.9269
2026-05-24 01:15:16,172,2.3670,1.1745
2026-05-24 01:16:20,13,1.3125,0.2949
2026-05-24 01:17:22,30,1.0846,0.4823
2026-05-24 01:18:23,58,1.5738,0.6983
2026-05-24 01:19:26,97,2.5006,0.8780
2026-05-24 01:20:30,125,2.7835,0.8415
2026-05-24 01:21:33,144,2.7090,1.0280
2026-05-24 01:22:37,157,2.5341,1.0077
2026-05-24 01:23:41,170,2.9250,1.6425
2026-05-24 01:24:46,183,2.9334,1.2188
2026-05-24 01:25:50,10,1.0338,0.2519
2026-05-24 01:26:52,22,1.0098,0.4238
2026-05-24 01:27:53,34,0.9373,0.3827
2026-05-24 01:28:55,46,1.1986,0.3806
2026-05-24 01:29:57,59,1.1533,0.4219
2026-05-24 01:30:58,71,1.5451,0.5461
2026-05-24 01:32:01,84,1.5358,0.6066
2026-05-24 01:33:03,96,1.5558,0.8676
2026-05-24 01:34:06,109,1.5044,0.6535
2026-05-24 01:35:08,121,1.9915,0.7956
2026-05-24 01:36:11,134,1.8095,0.8905
2026-05-24 01:37:14,146,2.5646,1.0126
2026-05-24 01:38:18,159,2.8393,1.1444
2026-05-24 01:39:22,172,2.4999,1.1738
2026-05-24 01:40:27,14,1.4539,0.3706
2026-05-24 01:41:29,31,1.7956,0.4255
2026-05-24 01:42:31,63,1.7778,0.5614
2026-05-24 01:43:33,98,2.1692,0.6831
2026-05-24 01:44:36,127,2.3080,0.7814
2026-05-24 01:45:40,12,1.3478,0.4182
2026-05-24 01:46:42,25,1.2126,0.3491
2026-05-24 01:47:44,37,1.4759,0.4276
2026-05-24 01:48:46,50,1.3271,0.4474
2026-05-24 01:49:48,62,1.3714,0.7186
2026-05-24 01:50:50,75,1.7887,0.9454
2026-05-24 01:51:53,87,2.0885,0.6981
2026-05-24 01:52:56,100,1.8682,0.6824
2026-05-24 01:53:59,112,2.1313,0.7506
2026-05-24 01:55:02,125,1.7121,0.9232
2026-05-24 01:56:05,138,1.8813,0.7884
2026-05-24 01:57:08,150,2.5685,0.9327
2026-05-24 01:58:12,163,2.2469,0.9898
2026-05-24 01:59:16,176,2.8526,1.3072
2026-05-24 02:00:21,17,1.1805,0.3022
2026-05-24 02:01:23,29,1.0979,0.3870
2026-05-24 02:02:24,41,1.6294,0.4288
2026-05-24 02:03:27,54,1.5314,0.5697
2026-05-24 02:04:29,66,1.8438,0.5080
2026-05-24 02:05:31,85,2.2150,0.6144
2026-05-24 02:06:34,113,2.8207,1.1116
2026-05-24 02:07:39,151,3.4186,1.1652
2026-05-24 02:08:43,179,2.9644,1.0775
2026-05-24 02:09:48,12,1.5580,0.5439
2026-05-24 02:10:50,25,1.2009,0.5115
2026-05-24 02:11:52,37,1.3385,0.4297
2026-05-24 02:12:54,49,1.6234,0.4981
2026-05-24 02:13:56,4,0.3735,0.1524
2026-05-24 02:14:57,16,0.4711,0.2099
2026-05-24 02:15:58,28,0.6408,0.1897
2026-05-24 02:16:58,40,0.5165,0.2227
2026-05-24 02:17:59,52,0.8667,0.3318
2026-05-24 02:19:01,65,0.6843,0.3944
2026-05-24 02:20:02,77,0.8531,0.3936
2026-05-24 02:21:03,89,0.9405,0.8319
2026-05-24 02:22:05,102,0.9228,0.5353
2026-05-24 02:23:07,114,1.2475,0.5897
2026-05-24 02:24:09,126,1.8144,0.7340
2026-05-24 02:25:12,139,1.7147,0.8888
2026-05-24 02:26:15,151,1.7811,0.8700
2026-05-24 02:27:18,164,2.1115,1.2809
2026-05-24 02:28:22,177,2.5926,1.3654
2026-05-24 02:29:26,195,2.8107,1.5930
2026-05-24 02:30:31,227,2.8783,1.6842
2026-05-24 02:31:36,265,3.5065,1.6727
2026-05-24 02:32:42,19,0.8131,0.2788
2026-05-24 02:33:43,34,0.9282,0.4623
2026-05-24 02:34:45,46,1.0135,0.4282
2026-05-24 02:35:46,59,1.1959,0.5818
2026-05-24 02:36:48,71,1.0662,0.6427
2026-05-24 02:37:50,84,1.0613,0.5253
2026-05-24 02:38:52,96,1.1968,0.5781
2026-05-24 02:39:54,108,1.3789,0.6242
2026-05-24 02:40:56,121,1.2088,0.5855
2026-05-24 02:41:58,133,1.5620,0.7757
2026-05-24 02:43:01,146,1.4591,0.7719
2026-05-24 02:44:03,158,1.9099,1.1549
2026-05-24 02:45:07,171,1.9468,1.3091
2026-05-24 02:46:10,184,2.0538,0.8816
2026-05-24 02:47:14,196,2.0934,1.1056
2026-05-24 02:48:17,209,1.9100,1.3083
2026-05-24 02:49:21,222,2.4873,1.3229
2026-05-24 02:50:25,235,2.6113,1.2967
2026-05-24 02:51:29,247,3.0881,1.4740
2026-05-24 02:52:35,260,3.0834,1.6153
2026-05-24 02:53:40,280,4.0949,2.2830
2026-05-24 02:54:47,316,4.3949,2.0467
2026-05-24 02:55:54,351,5.5247,2.6841
2026-05-24 02:57:03,377,5.4432,2.8240
2026-05-24 02:58:12,18,1.3100,0.3140
2026-05-24 02:59:13,30,1.2352,0.5085
2026-05-24 03:00:15,43,1.2997,0.4207
2026-05-24 03:01:17,55,1.2113,0.4653
2026-05-24 03:02:19,67,1.6427,0.4252
2026-05-24 03:03:21,80,1.3014,0.5280
2026-05-24 03:04:23,92,1.3560,0.6017
2026-05-24 03:05:25,105,1.4390,0.6873
2026-05-24 03:06:28,117,1.5057,0.8889
2026-05-24 03:07:30,130,1.7948,0.7360
2026-05-24 03:08:33,142,1.6143,0.7821
2026-05-24 03:09:36,155,1.8079,0.8860
2026-05-24 03:10:39,167,2.1554,1.0919
2026-05-24 03:11:42,180,2.0217,1.2530
2026-05-24 03:12:46,193,2.2112,1.1589
2026-05-24 03:13:50,205,2.5568,1.2874
2026-05-24 03:14:54,218,3.1659,1.3884
2026-05-24 03:15:59,231,3.3320,2.0000
2026-05-24 03:17:05,244,3.7979,1.9128
2026-05-24 03:18:11,273,3.7537,1.6897
2026-05-24 03:19:17,310,4.5382,1.9364
2026-05-24 03:20:24,342,4.8240,2.3804
2026-05-24 03:21:32,10,1.1622,0.4328
2026-05-24 03:22:34,22,1.4091,0.3807
2026-05-24 03:23:36,35,1.0897,0.3622
2026-05-24 03:24:38,47,1.3153,0.4424
2026-05-24 03:25:40,59,1.5731,0.5170
2026-05-24 03:26:42,72,1.3275,0.6621
2026-05-24 03:27:44,84,2.1350,0.6303
2026-05-24 03:28:47,97,1.5600,0.5163
2026-05-24 03:29:49,109,1.7365,0.6725
2026-05-24 03:30:52,122,1.6734,0.7444
2026-05-24 03:31:55,134,1.8145,0.8108
2026-05-24 03:32:57,147,1.8053,0.9984
2026-05-24 03:34:00,160,2.2033,0.7541
2026-05-24 03:35:04,172,2.4555,1.0535
2026-05-24 03:36:07,185,2.8212,1.0230
2026-05-24 03:37:12,198,2.6593,1.3009
2026-05-24 03:38:16,211,2.6669,1.5886
2026-05-24 03:39:21,224,2.8934,1.7002
2026-05-24 03:40:26,237,3.3961,1.5719
2026-05-24 03:41:32,256,4.5174,1.9187
2026-05-24 03:42:39,287,4.9149,2.2059
2026-05-24 03:43:47,327,4.6162,2.2657
2026-05-24 03:44:55,353,8.0464,3.8732
2026-05-24 03:46:07,20,1.3179,0.3443
2026-05-24 03:47:09,32,1.4515,0.4682
2026-05-24 03:48:11,45,1.0727,0.4782
2026-05-24 03:49:13,57,1.3363,0.6181
2026-05-24 03:50:15,70,1.5119,0.4066
2026-05-24 03:51:17,82,1.4417,0.5355
2026-05-24 03:52:19,94,1.8993,0.5245
2026-05-24 03:53:22,107,1.8234,0.7868
2026-05-24 03:54:25,120,1.8318,0.7016
2026-05-24 03:55:28,132,1.7387,0.9768
2026-05-24 03:56:31,145,1.7947,0.7562
2026-05-24 03:57:33,157,2.1093,1.0931
2026-05-24 03:58:37,170,2.3088,1.2023
2026-05-24 03:59:41,183,2.2988,1.0618
2026-05-24 04:00:45,195,2.5419,1.1479
2026-05-24 04:01:49,208,3.0819,1.3332
2026-05-24 04:02:53,221,3.2308,1.8977
2026-05-24 04:03:59,234,3.6847,1.5293
2026-05-24 04:05:05,247,3.3677,1.8273
2026-05-24 04:06:10,275,3.6250,2.0602
2026-05-24 04:07:17,312,4.4306,2.2957
2026-05-24 04:08:24,343,4.9944,2.2163
2026-05-24 04:09:32,12,1.5302,0.4140
2026-05-24 04:10:34,24,1.6079,0.4091
2026-05-24 04:11:36,37,1.2850,0.4513
2026-05-24 04:12:38,49,1.4646,0.5344
2026-05-24 04:13:40,62,1.6764,0.6791
2026-05-24 04:14:43,13,0.4631,0.1802
2026-05-24 04:15:44,25,0.6492,0.1785
2026-05-24 04:16:45,37,0.7369,0.2965
2026-05-24 04:17:46,50,0.5964,0.3502
2026-05-24 04:18:47,62,0.6760,0.4459
2026-05-24 04:19:48,74,0.8993,0.3707
2026-05-24 04:20:49,86,1.2085,0.5170
2026-05-24 04:21:51,99,1.0502,0.5863
2026-05-24 04:22:53,111,1.4076,0.7204
2026-05-24 04:23:56,124,1.5354,0.7459
2026-05-24 04:24:58,136,1.9289,0.7728
2026-05-24 04:26:01,149,1.6857,0.8761
2026-05-24 04:27:04,161,2.5365,0.9794
2026-05-24 04:28:08,174,2.5234,1.0371
2026-05-24 04:29:12,189,2.4265,1.6567
2026-05-24 04:30:16,218,2.9730,1.6361
2026-05-24 04:31:22,255,2.9249,1.7658
2026-05-24 04:32:27,286,3.4108,1.8911
2026-05-24 04:33:33,305,3.7485,1.7714
2026-05-24 04:34:39,318,3.7808,1.7941
2026-05-24 04:35:45,331,3.9321,1.9752
2026-05-24 04:36:51,345,4.4285,1.8158
2026-05-24 04:37:58,358,3.6855,1.6023
2026-05-24 04:39:04,371,3.5269,1.6402
2026-05-24 04:40:09,384,3.4431,2.1838
2026-05-24 04:41:16,398,4.3194,1.8125
2026-05-24 04:42:22,411,3.6122,1.8687
2026-05-24 04:43:28,424,3.8897,1.7615
2026-05-24 04:44:34,437,4.3257,2.8242
2026-05-24 04:45:42,451,4.9790,2.0262
2026-05-24 04:46:50,464,4.5776,2.3519
2026-05-24 04:47:57,478,4.6566,3.0050
2026-05-24 04:49:05,492,6.0908,3.2506
2026-05-24 04:50:15,506,5.2717,2.7838
2026-05-24 04:51:24,10,0.9078,0.2777
2026-05-24 04:52:25,23,0.9767,0.3616
2026-05-24 04:53:27,40,1.0747,0.3456
2026-05-24 04:54:29,68,1.6336,0.5930
2026-05-24 04:55:31,107,2.0813,0.7247
2026-05-24 04:56:34,135,2.5301,0.7399
2026-05-24 04:57:37,152,2.2369,0.8671
2026-05-24 04:58:41,165,2.1496,0.9001
2026-05-24 04:59:44,177,2.5736,0.9371
2026-05-24 05:00:48,190,2.1804,0.9613
2026-05-24 05:01:51,203,2.2752,1.5917
2026-05-24 05:02:56,216,2.5996,1.1100
2026-05-24 05:04:00,228,2.6033,1.1727
2026-05-24 05:05:04,241,2.6139,1.2072
2026-05-24 05:06:08,254,2.6056,1.2400
2026-05-24 05:07:12,267,2.6026,1.6279
2026-05-24 05:08:17,280,3.3104,1.1719
2026-05-24 05:09:21,293,2.7793,1.5516
2026-05-24 05:10:26,306,3.2763,1.6673
2026-05-24 05:11:32,319,3.1813,1.5817
2026-05-24 05:12:37,332,4.4466,1.8051
2026-05-24 05:13:44,345,4.1149,2.1149
2026-05-24 05:14:51,359,4.3878,2.1681
2026-05-24 05:15:58,372,5.1844,2.4298
2026-05-24 05:17:06,387,5.1317,2.1920
2026-05-24 05:18:14,412,5.5016,3.0345
2026-05-24 05:19:23,452,6.5464,2.7346
2026-05-24 05:20:34,484,5.8402,2.7173
2026-05-24 05:21:43,501,6.9097,2.7489
2026-05-24 05:22:54,515,6.1479,2.6209
2026-05-24 05:24:03,529,7.5964,2.9397
2026-05-24 05:25:15,14,1.0247,0.3675
2026-05-24 05:26:16,26,1.0385,0.3571
2026-05-24 05:27:18,38,1.1142,0.2961
2026-05-24 05:28:20,50,1.3818,0.3437
2026-05-24 05:29:21,63,1.1521,0.5560
2026-05-24 05:30:23,75,1.4122,0.5646
2026-05-24 05:31:25,88,1.5472,0.5376
2026-05-24 05:32:28,100,1.7984,0.7563
2026-05-24 05:33:31,113,1.6345,0.8126
2026-05-24 05:34:33,125,1.9604,0.8079
2026-05-24 05:35:36,138,2.2862,0.8004
2026-05-24 05:36:40,150,2.0691,0.9387
2026-05-24 05:37:43,163,2.3102,1.1685
2026-05-24 05:38:47,176,2.8883,1.2540
2026-05-24 05:39:51,189,3.6181,1.5473
2026-05-24 05:40:57,202,3.7532,1.5097
2026-05-24 05:42:03,226,3.9149,1.6932
2026-05-24 05:43:09,262,4.0542,2.3848
2026-05-24 05:44:16,296,4.4749,1.8528
2026-05-24 05:45:23,316,4.4849,2.0753
2026-05-24 05:46:30,330,4.0378,2.0920
2026-05-24 05:47:37,343,4.3260,1.9882
2026-05-24 05:48:44,356,4.1361,1.9858
2026-05-24 05:49:50,370,3.7872,1.9734
2026-05-24 05:50:56,383,3.9854,2.3889
2026-05-24 05:52:03,396,4.6020,1.9227
2026-05-24 05:53:10,410,3.6022,2.1224
2026-05-24 05:54:16,423,4.3895,1.8771
2026-05-24 05:55:23,436,4.8081,2.3789
2026-05-24 05:56:31,450,4.9234,2.4952
2026-05-24 05:57:39,463,4.9012,2.3461
2026-05-24 05:58:47,477,5.7565,2.4180
2026-05-24 05:59:56,491,5.9703,2.3341
2026-05-24 06:01:04,504,5.9313,3.4622
2026-05-24 06:02:15,518,7.5147,3.2332
2026-05-24 06:03:26,46,1.7533,0.4849
2026-05-24 06:04:29,58,1.9359,0.4597
2026-05-24 06:05:31,77,2.1218,0.5970
2026-05-24 06:06:34,107,2.6693,0.7601
2026-05-24 06:07:38,145,2.5042,0.8662
2026-05-24 06:08:41,172,2.6362,1.4126
2026-05-24 06:09:46,187,3.0853,1.2805
2026-05-24 06:10:50,200,2.6930,1.0591
2026-05-24 06:11:54,212,3.1771,1.0627
2026-05-24 06:12:59,225,3.2256,1.1465
2026-05-24 06:14:03,237,2.9142,1.0893
2026-05-24 06:15:08,237,2.5134,1.1243
2026-05-24 06:16:11,237,2.5220,0.9595
2026-05-24 06:17:15,237,2.5548,1.1461
2026-05-24 06:18:19,237,2.5438,1.0531
2026-05-24 06:19:23,237,2.6466,1.0876
2026-05-24 06:20:27,237,2.4967,0.9958
2026-05-24 06:21:31,237,2.4579,0.9977
2026-05-24 06:22:34,237,2.6558,1.0702
2026-05-24 06:23:38,237,3.3825,1.1629
2026-05-24 06:24:43,237,2.8226,1.1620
2026-05-24 06:25:47,237,2.8523,1.2190
2026-05-24 06:26:52,237,3.0323,1.2892
2026-05-24 06:27:56,237,3.0004,1.3268
2026-05-24 06:29:01,237,3.2252,1.4418
2026-05-24 06:30:06,237,3.1792,1.2502
2026-05-24 06:31:11,237,2.9883,1.5108
2026-05-24 06:32:16,237,3.0729,1.2856
2026-05-24 06:33:20,237,3.1155,1.5276
2026-05-24 06:34:25,237,3.1438,1.4113
2026-05-24 06:35:30,237,3.1297,1.3298
2026-05-24 06:36:35,237,3.1413,1.3373
2026-05-24 06:37:40,237,2.9340,1.3305
2026-05-24 06:38:44,237,2.8059,1.2223
2026-05-24 06:39:48,237,2.5356,0.9943
2026-05-24 06:40:52,237,2.4053,0.9525
2026-05-24 06:41:56,237,2.5541,0.9892
2026-05-24 06:42:59,237,2.4399,0.9825
2026-05-24 06:44:03,237,2.3725,1.0189
2026-05-24 06:45:07,237,2.4420,0.9545
2026-05-24 06:46:10,237,2.4737,1.1251
2026-05-24 06:47:14,237,2.5443,1.0161
2026-05-24 06:48:18,237,2.7193,1.0433
2026-05-24 06:49:22,237,3.1116,1.3278
2026-05-24 06:50:27,237,3.1863,1.3803
2026-05-24 06:51:32,237,3.3493,1.3787
2026-05-24 06:52:37,237,3.1118,1.4127
2026-05-24 06:53:42,237,3.7161,1.3596
2026-05-24 06:54:47,237,3.1715,1.5719
2026-05-24 06:55:52,237,3.6151,1.5968
2026-05-24 06:56:58,237,3.4387,1.5367
2026-05-24 06:58:03,237,3.0521,1.3242
2026-05-24 06:59:08,237,3.0092,1.2238
2026-05-24 07:00:12,237,2.6589,1.2653
2026-05-24 07:01:16,237,2.5339,1.2966
2026-05-24 07:02:20,237,2.6227,1.1212
2026-05-24 07:03:24,237,2.4896,1.1620
2026-05-24 07:04:28,237,2.4399,1.2105
2026-05-24 07:05:32,237,2.4439,1.0073
2026-05-24 07:06:36,237,2.7370,1.1933
2026-05-24 07:07:40,237,2.6218,1.0448
2026-05-24 07:08:44,237,2.5863,0.9312
2026-05-24 07:09:48,237,2.8150,1.1740
2026-05-24 07:10:52,237,3.3318,1.0075
2026-05-24 07:11:57,237,2.6501,1.2367
2026-05-24 07:13:01,237,2.6421,1.1006
2026-05-24 07:14:05,237,3.0352,1.1608
2026-05-24 07:15:09,237,3.2137,1.4693
2026-05-24 07:16:14,237,3.1709,1.4788
2026-05-24 07:17:19,237,3.2673,1.4223
2026-05-24 07:18:24,237,3.5004,1.5013
2026-05-24 07:19:29,237,3.6615,1.7005
2026-05-24 07:20:35,237,3.2694,1.3749
2026-05-24 07:21:40,237,3.4801,1.4081
2026-05-24 07:22:45,237,3.2800,1.3705
2026-05-24 07:23:50,237,3.4636,1.2952
2026-05-24 07:24:55,237,2.9820,1.1808
2026-05-24 07:26:00,237,2.6229,1.1558
2026-05-24 07:27:04,237,2.6979,0.9375
2026-05-24 07:28:08,237,2.5959,1.0805
2026-05-24 07:29:12,237,2.5900,1.0685
2026-05-24 07:30:16,237,2.5699,1.0997
2026-05-24 07:31:20,237,2.8246,1.0095
2026-05-24 07:32:24,237,2.3113,1.2987
2026-05-24 07:33:28,237,2.2490,1.1833
2026-05-24 07:34:31,237,2.3071,1.0574
2026-05-24 07:35:35,237,2.5440,1.1373
2026-05-24 07:36:39,237,2.5170,1.2381
2026-05-24 07:37:43,237,3.0965,1.2288
2026-05-24 07:38:47,237,3.0252,1.2547
2026-05-24 07:39:52,237,3.2138,1.4665
2026-05-24 07:40:57,237,3.2674,1.3499
2026-05-24 07:42:02,237,3.3786,1.5275
2026-05-24 07:43:07,237,3.2013,1.6253
2026-05-24 07:44:12,237,3.6455,1.3120
2026-05-24 07:45:18,237,2.9936,1.3754
2026-05-24 07:46:22,237,3.2122,1.2474
2026-05-24 07:47:27,237,2.8295,1.2677
2026-05-24 07:48:31,237,2.6332,1.3723
2026-05-24 07:49:36,237,2.5954,1.0710
2026-05-24 07:50:40,237,2.4287,1.1012
2026-05-24 07:51:43,237,2.3841,1.1101
2026-05-24 07:52:47,237,2.4244,1.1110
2026-05-24 07:53:51,237,2.8038,1.2141
2026-05-24 07:54:55,237,2.7860,1.0931
2026-05-24 07:55:59,237,2.6518,0.9523
2026-05-24 07:57:03,237,2.5743,1.1379
2026-05-24 07:58:07,237,2.8750,1.1676
2026-05-24 07:59:11,237,2.7220,1.1187
2026-05-24 08:00:15,237,2.6634,1.1977
2026-05-24 08:01:19,237,3.1271,1.2796
2026-05-24 08:02:24,237,2.5913,1.2883
2026-05-24 08:03:28,237,3.1446,1.4899
2026-05-24 08:04:33,237,3.2373,1.5413
2026-05-24 08:05:38,237,3.2226,1.5462
2026-05-24 08:06:43,237,3.6794,1.6555
2026-05-24 08:07:49,237,3.4761,1.4806
2026-05-24 08:08:54,237,3.5265,1.4444
2026-05-24 08:10:00,237,2.6943,1.4838
2026-05-24 08:11:04,237,3.0062,1.1967
2026-05-24 08:12:09,237,2.8419,1.1773
2026-05-24 08:13:13,237,2.6835,1.1000
2026-05-24 08:14:17,237,2.5972,1.0192
2026-05-24 08:15:21,237,2.6487,0.9846
2026-05-24 08:16:25,237,2.6575,1.0479
2026-05-24 08:17:29,237,2.5752,0.9952
2026-05-24 08:18:32,237,2.4084,1.1262
2026-05-24 08:19:36,237,2.4848,0.9318
2026-05-24 08:20:40,237,2.4465,0.9447
2026-05-24 08:21:44,237,2.4805,0.9833
2026-05-24 08:22:47,237,2.7748,1.1628
2026-05-24 08:23:51,237,2.8750,1.1783
2026-05-24 08:24:56,237,3.0875,1.2439
2026-05-24 08:26:00,237,2.9591,1.2304
2026-05-24 08:27:05,237,3.2749,1.3945
2026-05-24 08:28:10,237,3.5087,1.3176
2026-05-24 08:29:15,237,3.3496,1.3180
2026-05-24 08:30:20,237,3.2232,1.5980
2026-05-24 08:31:25,237,3.3847,1.3902
2026-05-24 08:32:30,237,3.0912,1.5045
2026-05-24 08:33:35,237,3.1517,1.5173
2026-05-24 08:34:40,237,2.6511,1.3853
2026-05-24 08:35:44,237,2.7898,1.2017
2026-05-24 08:36:48,237,2.8498,1.1611
2026-05-24 08:37:53,237,2.5299,1.0641
2026-05-24 08:38:57,237,2.4105,1.0550
2026-05-24 08:40:00,237,2.4729,1.0571
2026-05-24 08:41:04,237,2.4094,1.2417
2026-05-24 08:42:08,237,2.5190,1.0491
2026-05-24 08:43:12,237,2.6095,1.1205
2026-05-24 08:44:16,237,2.7996,1.2516
2026-05-24 08:45:20,237,2.8204,0.9655
2026-05-24 08:46:24,237,2.6022,1.1959
2026-05-24 08:47:28,237,2.8072,1.2312
2026-05-24 08:48:33,237,2.7979,1.0277
2026-05-24 08:49:37,237,2.7155,1.2496
2026-05-24 08:50:41,237,2.9362,1.3622
2026-05-24 08:51:45,237,2.9832,1.3134
2026-05-24 08:52:50,237,3.3186,1.2487
2026-05-24 08:53:55,237,3.5500,1.5031
2026-05-24 08:55:00,237,3.5675,1.5933
2026-05-24 08:56:06,237,3.5513,1.5220
2026-05-24 08:57:11,237,3.4097,1.3300
2026-05-24 08:58:16,237,3.6157,1.2184
2026-05-24 08:59:21,237,3.0724,1.4318
2026-05-24 09:00:26,237,2.8805,1.3456
2026-05-24 09:01:31,237,2.7780,1.2126
2026-05-24 09:02:35,237,2.6002,1.0685
2026-05-24 09:03:39,237,2.6917,1.1361
2026-05-24 09:04:43,237,2.7763,1.1461
2026-05-24 09:05:47,237,2.4972,1.1044
2026-05-24 09:06:51,237,2.6081,1.0849
2026-05-24 09:07:55,237,2.3228,1.1250
2026-05-24 09:08:59,237,2.6231,1.3780
2026-05-24 09:10:03,237,2.6163,1.0069
2026-05-24 09:11:07,237,2.7533,1.0572
2026-05-24 09:12:11,237,2.6753,1.1667
2026-05-24 09:13:15,237,2.6645,1.2427
2026-05-24 09:14:19,237,2.8461,1.3721
2026-05-24 09:15:24,237,3.2034,1.3657
2026-05-24 09:16:29,237,3.2139,1.2395
2026-05-24 09:17:33,237,3.1983,1.4985
2026-05-24 09:18:38,237,3.0921,1.4024
2026-05-24 09:19:43,237,3.3301,1.3812
2026-05-24 09:20:48,237,2.9792,1.2676
2026-05-24 09:21:53,237,3.2003,1.3964
2026-05-24 09:22:58,237,3.0564,1.1986
2026-05-24 09:24:02,237,3.4866,1.3046
2026-05-24 09:25:07,237,2.8635,1.2561
2026-05-24 09:26:12,237,3.1149,1.0719
2026-05-24 09:27:16,237,2.4947,1.1990
2026-05-24 09:28:20,237,2.5572,1.1595
2026-05-24 09:29:24,237,2.7274,1.1561
2026-05-24 09:30:28,237,2.4994,1.1472
2026-05-24 09:31:32,237,2.4647,1.1938
2026-05-24 09:32:36,237,2.8650,1.0587
2026-05-24 09:33:40,237,2.3638,1.0586
2026-05-24 09:34:44,237,2.5069,1.0359
2026-05-24 09:35:48,237,2.6719,1.0157
2026-05-24 09:36:52,237,2.6056,1.0851
2026-05-24 09:37:55,237,2.9911,1.1489
2026-05-24 09:39:00,237,3.0870,1.2943
2026-05-24 09:40:05,237,3.0991,1.4219
2026-05-24 09:41:09,237,3.2826,1.4870
2026-05-24 09:42:15,237,3.7543,1.3677
2026-05-24 09:43:20,237,3.5211,1.5736
2026-05-24 09:44:25,237,3.2730,1.3765
2026-05-24 09:45:30,237,3.3503,1.3114
2026-05-24 09:46:35,237,3.0190,1.4180
2026-05-24 09:47:40,237,2.8579,1.2471
2026-05-24 09:48:44,237,2.7381,1.1057
2026-05-24 09:49:49,237,2.8320,1.2130
2026-05-24 09:50:53,237,2.6945,1.2296
2026-05-24 09:51:57,237,2.4033,1.1530
2026-05-24 09:53:01,237,2.5714,1.1882
2026-05-24 09:54:05,237,2.7278,1.1120
2026-05-24 09:55:09,237,2.8665,0.9506
2026-05-24 09:56:13,237,2.5668,0.9524
2026-05-24 09:57:17,237,2.6397,0.9862
2026-05-24 09:58:21,237,2.7066,1.0261
2026-05-24 09:59:25,237,2.5721,1.3060
2026-05-24 10:00:29,237,2.7303,1.3125
2026-05-24 10:01:33,237,3.0430,1.2765
2026-05-24 10:02:38,237,3.0455,1.3202
2026-05-24 10:03:42,237,3.3491,1.2224
2026-05-24 10:04:47,237,3.0570,1.4427
2026-05-24 10:05:52,237,3.5839,1.5111
2026-05-24 10:06:57,237,3.3617,1.3804
2026-05-24 10:08:02,237,3.0677,1.5251
2026-05-24 10:09:07,237,3.7200,1.5442
2026-05-24 10:10:13,237,3.2117,1.2009
2026-05-24 10:11:18,237,3.4262,1.4837
2026-05-24 10:12:23,237,3.0185,1.3066
2026-05-24 10:13:27,237,2.8885,1.1579
2026-05-24 10:14:32,237,2.7789,1.0420
2026-05-24 10:15:36,237,2.5822,1.1528
2026-05-24 10:16:40,237,2.8205,1.0895
2026-05-24 10:17:44,237,2.6604,1.1894
2026-05-24 10:18:48,237,2.6450,1.0591
2026-05-24 10:19:52,237,2.5532,1.1416
2026-05-24 10:20:56,237,2.5807,1.0920
2026-05-24 10:22:00,237,2.5346,1.1689
2026-05-24 10:23:04,237,2.9873,1.1550
2026-05-24 10:24:08,237,3.1040,1.2648
2026-05-24 10:25:13,237,2.8824,1.3979
2026-05-24 10:26:17,237,3.4584,1.3454
2026-05-24 10:27:22,237,3.2674,1.4037
2026-05-24 10:28:27,237,3.1232,1.2650
2026-05-24 10:29:32,237,3.1722,1.5821
2026-05-24 10:30:37,237,3.1028,1.6018
2026-05-24 10:31:42,237,2.8850,1.5842
2026-05-24 10:32:47,237,3.0049,1.5867
2026-05-24 10:33:52,237,2.6833,1.5198
2026-05-24 10:34:56,237,2.8277,1.4143
2026-05-24 10:36:01,237,2.6530,1.3069
2026-05-24 10:37:05,237,2.7642,1.1221
2026-05-24 10:38:09,237,2.4952,1.0544
2026-05-24 10:39:13,237,2.4912,1.1454
2026-05-24 10:40:17,237,2.3651,1.2196
2026-05-24 10:41:21,237,2.6157,1.0862
2026-05-24 10:42:25,237,2.5160,0.9649
2026-05-24 10:43:29,237,2.5416,0.9794
2026-05-24 10:44:32,237,2.6591,1.0140
2026-05-24 10:45:36,237,2.8831,1.0172
2026-05-24 10:46:40,237,2.8004,1.1160
2026-05-24 10:47:45,237,2.9016,1.0787
2026-05-24 10:48:49,237,2.9665,1.1423
2026-05-24 10:49:53,237,3.2210,1.2314
2026-05-24 10:50:58,237,3.0102,1.3097
2026-05-24 10:52:03,237,3.1490,1.5715
2026-05-24 10:53:08,237,3.6720,1.3883
2026-05-24 10:54:13,237,3.8983,1.5559
2026-05-24 10:55:19,237,3.8967,1.3445
2026-05-24 10:56:24,237,3.2098,1.4950
2026-05-24 10:57:29,237,3.2535,1.4331
2026-05-24 10:58:34,237,3.1850,1.7552
2026-05-24 10:59:40,237,3.2913,1.2865
2026-05-24 11:00:44,237,3.2324,1.2884
2026-05-24 11:01:49,237,2.9643,1.2995
2026-05-24 11:02:54,237,2.5470,1.0082
2026-05-24 11:03:57,237,2.4383,1.0309
2026-05-24 11:05:01,237,2.3184,1.2558
2026-05-24 11:06:05,237,2.3694,1.0748
2026-05-24 11:07:09,237,2.4327,1.2113
2026-05-24 11:08:13,237,2.6075,1.1693
2026-05-24 11:09:17,237,2.6875,1.1469
2026-05-24 11:10:21,237,2.6651,1.0916
2026-05-24 11:11:25,237,3.0136,1.0426
2026-05-24 11:12:29,237,3.0507,1.0351
2026-05-24 11:13:33,237,2.7754,1.1236
2026-05-24 11:14:38,237,3.0779,1.2483
2026-05-24 11:15:42,237,3.0524,1.1999
2026-05-24 11:16:47,237,3.2097,1.2324
2026-05-24 11:17:51,237,3.3192,1.2892
2026-05-24 11:18:56,237,3.1611,1.2914
2026-05-24 11:20:01,237,3.1421,1.3333
2026-05-24 11:21:06,237,3.0645,1.2803
2026-05-24 11:22:10,237,3.2194,1.2536
2026-05-24 11:23:15,237,2.9605,1.2835
2026-05-24 11:24:20,237,3.2778,1.3098
2026-05-24 11:25:25,237,2.8063,1.1145
2026-05-24 11:26:29,237,2.9460,1.1615
2026-05-24 11:27:33,237,2.7847,1.1949
2026-05-24 11:28:37,237,2.6539,1.0424
2026-05-24 11:29:41,237,2.4089,1.0577
2026-05-24 11:30:45,237,2.8723,1.0487
2026-05-24 11:31:49,237,2.2316,1.0732
2026-05-24 11:32:53,237,2.2853,1.0841
2026-05-24 11:33:56,237,2.3434,1.1852
2026-05-24 11:35:00,237,2.2841,1.1814
2026-05-24 11:36:04,237,2.7851,1.0700
2026-05-24 11:37:08,237,2.9875,1.1287
2026-05-24 11:38:13,237,3.1130,1.2184
2026-05-24 11:39:17,237,3.2778,1.4523
2026-05-24 11:40:22,237,3.1681,1.4878
2026-05-24 11:41:27,237,3.9924,1.6800
2026-05-24 11:42:33,237,3.6503,1.4977
2026-05-24 11:43:39,237,3.6020,1.3077
2026-05-24 11:44:44,237,3.3575,1.3038
2026-05-24 11:45:49,237,3.5326,1.3193
2026-05-24 11:46:54,237,3.4886,1.4216
2026-05-24 11:47:59,237,3.2395,1.2203
2026-05-24 11:49:04,237,2.7634,1.2058
2026-05-24 11:50:08,237,3.0892,1.3149
2026-05-24 11:51:13,237,2.6741,1.2486
2026-05-24 11:52:17,237,2.6710,1.0238
2026-05-24 11:53:21,237,2.6364,0.9614
2026-05-24 11:54:25,237,2.7913,1.1470
2026-05-24 11:55:29,237,2.5878,1.0524
2026-05-24 11:56:33,237,2.7804,1.2780
2026-05-24 11:57:37,237,2.8717,1.0086
2026-05-24 11:58:41,237,2.5632,1.0647
2026-05-24 11:59:45,237,2.6046,1.2193
2026-05-24 12:00:49,237,2.8095,1.3533
2026-05-24 12:01:54,237,3.3560,1.3125
2026-05-24 12:02:59,237,2.9478,1.2903
2026-05-24 12:04:03,237,3.0977,1.3882
2026-05-24 12:05:08,237,3.1630,1.4058
2026-05-24 12:06:13,237,3.3687,1.4517
2026-05-24 12:07:18,237,3.2665,1.4157
2026-05-24 12:08:23,237,3.0629,1.2978
2026-05-24 12:09:28,237,3.1388,1.1002
2026-05-24 12:10:32,237,2.9814,1.1335
2026-05-24 12:11:36,237,2.9529,1.1643
2026-05-24 12:12:41,237,2.8103,1.1920
2026-05-24 12:13:45,237,2.2957,1.3144
2026-05-24 12:14:49,237,2.2328,1.1386
2026-05-24 12:15:53,237,2.5098,1.0187
2026-05-24 12:16:56,237,2.5164,1.0232
2026-05-24 12:18:00,237,2.4582,0.9989
2026-05-24 12:19:04,237,2.3800,1.0077
2026-05-24 12:20:07,237,2.5324,0.9793
2026-05-24 12:21:11,237,2.4708,0.9939
2026-05-24 12:22:15,237,2.6232,1.0315
2026-05-24 12:23:19,237,2.7335,0.9884
2026-05-24 12:24:23,237,2.9215,1.2994
2026-05-24 12:25:27,237,3.3089,1.3610
2026-05-24 12:26:32,237,3.1109,1.1948
2026-05-24 12:27:37,237,3.1500,1.4822
2026-05-24 12:28:42,237,3.1121,1.4211
2026-05-24 12:29:47,237,3.1690,1.3623
2026-05-24 12:30:52,237,3.1180,1.5185
2026-05-24 12:31:57,237,3.1760,1.2934
2026-05-24 12:33:01,237,3.0261,1.5163
2026-05-24 12:34:06,237,3.0040,1.2453
2026-05-24 12:35:11,237,2.7379,1.4343
2026-05-24 12:36:15,237,2.7273,1.3495
2026-05-24 12:37:20,237,2.8779,1.2469
2026-05-24 12:38:24,237,2.7732,1.0795
2026-05-24 12:39:28,237,2.6459,1.0908
2026-05-24 12:40:32,237,2.7044,1.1256
2026-05-24 12:41:36,237,2.6766,1.1568
2026-05-24 12:42:40,237,3.0997,0.9790
2026-05-24 12:43:45,237,2.7807,0.9464
2026-05-24 12:44:49,237,2.7891,1.0123
2026-05-24 12:45:53,237,2.6744,1.4613
2026-05-24 12:46:57,237,2.4741,1.0536
2026-05-24 12:48:01,237,2.6098,1.0736
2026-05-24 12:49:05,237,2.6371,1.1458
2026-05-24 12:50:09,237,2.8318,1.1841
2026-05-24 12:51:13,237,3.0459,1.2146
2026-05-24 12:52:18,237,3.2338,1.5057
2026-05-24 12:53:23,237,3.2487,1.3981
2026-05-24 12:54:28,237,3.9803,1.4487
2026-05-24 12:55:34,237,3.4545,1.7315
2026-05-24 12:56:39,237,3.3228,1.4950
2026-05-24 12:57:44,237,3.2422,1.5404
2026-05-24 12:58:49,237,3.2541,1.4113
2026-05-24 12:59:54,237,3.1293,1.1737
2026-05-24 13:00:59,237,2.9171,1.1342
2026-05-24 13:02:03,237,2.7391,1.0329
2026-05-24 13:03:07,237,2.6893,1.0128
2026-05-24 13:04:11,237,2.5337,1.0495
2026-05-24 13:05:15,237,2.4059,1.1124
2026-05-24 13:06:19,237,2.3824,1.1184
2026-05-24 13:07:23,237,2.2987,1.1767
2026-05-24 13:08:26,237,2.3432,1.1847
2026-05-24 13:09:30,237,2.3940,1.2336
2026-05-24 13:10:34,237,2.3962,1.2128
2026-05-24 13:11:38,237,2.4238,1.3552
2026-05-24 13:12:42,237,2.4432,1.3278
2026-05-24 13:13:46,237,2.8406,1.3511
2026-05-24 13:14:50,237,2.9189,1.3930
2026-05-24 13:15:55,237,2.7998,1.4752
2026-05-24 13:16:59,237,3.1186,1.5170
2026-05-24 13:18:04,237,3.2227,1.5608
2026-05-24 13:19:09,237,3.2316,1.5424
2026-05-24 13:20:14,237,2.8772,1.5164
2026-05-24 13:21:19,237,3.0481,1.5137
2026-05-24 13:22:24,237,2.7185,1.4529
2026-05-24 13:23:28,237,2.8372,1.3108
2026-05-24 13:24:33,237,3.3030,1.3523
2026-05-24 13:25:38,237,2.8381,1.2522
2026-05-24 13:26:42,237,2.9796,1.1153
2026-05-24 13:27:46,237,2.4832,1.1319
2026-05-24 13:28:50,237,2.6045,1.0749
2026-05-24 13:29:54,237,2.6800,1.0303
2026-05-24 13:30:58,237,2.7410,1.1321
2026-05-24 13:32:02,237,2.5654,1.1532
2026-05-24 13:33:06,237,2.6191,1.1847
2026-05-24 13:34:10,237,3.0319,1.0324
2026-05-24 13:35:15,237,2.6607,1.0398
2026-05-24 13:36:19,237,2.7173,1.2277
2026-05-24 13:37:23,237,2.8838,1.2901
2026-05-24 13:38:27,237,3.1731,1.2121
2026-05-24 13:39:32,237,3.2870,1.2313
2026-05-24 13:40:37,237,3.2496,1.3193
2026-05-24 13:41:42,237,3.6421,1.5913
2026-05-24 13:42:47,237,3.4445,1.2989
2026-05-24 13:43:52,237,3.2951,1.2414
2026-05-24 13:44:57,237,3.3920,1.5457
2026-05-24 13:46:02,237,3.2605,1.3263
2026-05-24 13:47:07,237,3.0952,1.4637
2026-05-24 13:48:12,237,2.7543,1.4469
2026-05-24 13:49:17,237,2.8983,1.3086
2026-05-24 13:50:21,237,2.6844,1.3010
2026-05-24 13:51:25,237,2.5600,1.2358
2026-05-24 13:52:29,237,2.6670,1.0364
2026-05-24 13:53:33,237,2.6752,1.1883
2026-05-24 13:54:37,237,2.9433,1.4294
2026-05-24 13:55:42,237,2.4783,1.1317
2026-05-24 13:56:46,237,2.6000,1.1242
2026-05-24 13:57:50,237,2.4996,0.9648
2026-05-24 13:58:54,237,2.5395,1.2815
2026-05-24 13:59:58,237,2.8438,1.2081
2026-05-24 14:01:02,237,2.8177,1.3841
2026-05-24 14:02:06,237,3.4236,1.3126
2026-05-24 14:03:11,237,3.3292,1.5391
2026-05-24 14:04:17,237,3.3495,1.4629
2026-05-24 14:05:22,237,3.2314,1.2421
2026-05-24 14:06:27,237,3.5823,1.5724
2026-05-24 14:07:32,237,3.5444,1.4542
2026-05-24 14:08:37,237,3.5356,1.3020
2026-05-24 14:09:42,237,3.2975,1.1671
2026-05-24 14:10:47,237,3.3243,1.3283
2026-05-24 14:11:52,237,3.2362,1.0698
2026-05-24 14:12:57,237,3.1362,1.2096
2026-05-24 14:14:01,237,2.8628,1.2026
2026-05-24 14:15:06,237,2.9515,1.0423
2026-05-24 14:16:10,237,2.5763,1.0664
2026-05-24 14:17:14,237,2.4114,1.0671
2026-05-24 14:18:18,237,2.4348,1.0850
2026-05-24 14:19:21,237,2.3534,1.1496
2026-05-24 14:20:25,237,2.8782,1.1850
2026-05-24 14:21:29,237,2.6811,1.2136
2026-05-24 14:22:34,237,2.7552,1.2001
2026-05-24 14:23:38,237,3.2056,1.0787
2026-05-24 14:24:42,237,2.7803,1.0956
2026-05-24 14:25:46,237,3.0668,1.3006
2026-05-24 14:26:51,237,2.9606,1.2454
2026-05-24 14:27:56,237,3.0404,1.2880
2026-05-24 14:29:00,237,3.3106,1.2978
2026-05-24 14:30:05,237,3.3712,1.3465
2026-05-24 14:31:10,237,3.3687,1.4566
2026-05-24 14:32:15,237,3.1418,1.4389
2026-05-24 14:33:20,237,3.1537,1.3002
2026-05-24 14:34:25,237,2.9071,1.2463
2026-05-24 14:35:29,237,3.0295,1.2660
2026-05-24 14:36:34,237,2.9449,1.1787
2026-05-24 14:37:38,237,2.7472,1.0402
2026-05-24 14:38:42,237,2.6114,1.0303
2026-05-24 14:39:46,237,2.5133,1.3847
2026-05-24 14:40:50,237,2.6602,0.9564
2026-05-24 14:41:54,237,2.5820,1.0568
2026-05-24 14:42:58,237,2.4989,1.2528
2026-05-24 14:44:02,237,2.7008,0.9687
2026-05-24 14:45:06,237,2.7522,1.1617
2026-05-24 14:46:10,237,2.7736,1.1943
2026-05-24 14:47:15,237,2.6207,1.0201
2026-05-24 14:48:18,237,2.8071,1.1149
2026-05-24 14:49:23,237,3.0582,1.2607
2026-05-24 14:50:27,237,3.4081,1.4660
2026-05-24 14:51:32,237,3.3123,1.2039
2026-05-24 14:52:37,237,3.5798,1.2958
2026-05-24 14:53:43,237,3.9338,1.7268
2026-05-24 14:54:49,237,3.5190,1.3697
2026-05-24 14:55:54,237,3.5013,1.6079
2026-05-24 14:56:59,237,3.4634,1.5936
2026-05-24 14:58:05,237,3.2704,1.3855
2026-05-24 14:59:09,237,3.1724,1.3924
2026-05-24 15:00:14,237,3.0762,1.4549
2026-05-24 15:01:19,237,2.9984,1.3313
2026-05-24 15:02:24,237,2.5057,1.3359
2026-05-24 15:03:28,237,2.7262,1.0761
2026-05-24 15:04:32,237,2.8086,0.9655
2026-05-24 15:05:36,237,2.9083,1.1500
2026-05-24 15:06:40,237,2.5215,0.9720
2026-05-24 15:07:44,237,2.7024,0.9900
2026-05-24 15:08:48,237,2.4595,1.0137
2026-05-24 15:09:52,237,2.6323,1.1683
2026-05-24 15:10:56,237,2.8013,1.2138
2026-05-24 15:12:00,237,2.7527,1.2830
2026-05-24 15:13:05,237,2.9261,1.3430
2026-05-24 15:14:09,237,3.2675,1.5086
2026-05-24 15:15:14,237,3.2756,1.2706
2026-05-24 15:16:19,237,3.4347,1.5163
2026-05-24 15:17:24,237,3.5434,1.4677
2026-05-24 15:18:30,237,3.3067,1.5106
2026-05-24 15:19:35,237,3.1616,1.3081
2026-05-24 15:20:40,237,3.0756,1.3579
2026-05-24 15:21:44,237,3.0778,1.3123
2026-05-24 15:22:49,237,2.9640,1.2406
2026-05-24 15:23:54,237,3.1411,1.2326
2026-05-24 15:24:58,237,2.9260,1.2105
2026-05-24 15:26:03,237,2.7652,1.1167
2026-05-24 15:27:07,237,2.4462,1.0747
2026-05-24 15:28:11,237,2.3417,1.0209
2026-05-24 15:29:14,237,2.8244,0.9468
2026-05-24 15:30:18,237,2.2741,0.9944
2026-05-24 15:31:22,237,2.3406,1.0021
2026-05-24 15:32:25,237,2.5541,0.9723
2026-05-24 15:33:29,237,2.6271,1.0117
2026-05-24 15:34:33,237,2.4479,1.2392
2026-05-24 15:35:37,237,2.3515,1.0791
2026-05-24 15:36:41,237,2.8645,1.1166
2026-05-24 15:37:45,237,2.9072,1.1759
2026-05-24 15:38:49,237,3.2139,1.1920
2026-05-24 15:39:54,237,3.4308,1.3295
2026-05-24 15:40:59,237,3.5260,1.7818
2026-05-24 15:42:05,237,3.5788,2.2823
2026-05-24 15:43:11,237,3.5718,1.6348
2026-05-24 15:44:17,237,3.2989,1.6519
2026-05-24 15:45:22,237,3.1890,1.3243
2026-05-24 15:46:27,237,3.3389,1.4755
2026-05-24 15:47:32,237,3.1276,1.4897
2026-05-24 15:48:37,237,3.1193,1.2148
2026-05-24 15:49:41,237,2.7830,1.2282
2026-05-24 15:50:46,237,2.8153,1.0001
2026-05-24 15:51:50,237,2.8885,1.2608
2026-05-24 15:52:54,237,2.5310,1.2389
2026-05-24 15:53:58,237,2.9710,0.9620
2026-05-24 15:55:02,237,2.7876,0.9653
2026-05-24 15:56:06,237,2.6275,1.0600
2026-05-24 15:57:10,237,2.2968,1.1599
2026-05-24 15:58:14,237,2.7339,1.0512
2026-05-24 15:59:18,237,2.7077,1.3489
2026-05-24 16:00:22,237,2.7067,1.4094
2026-05-24 16:01:27,237,2.8358,1.1921
2026-05-24 16:02:31,237,3.2344,1.2024
2026-05-24 16:03:36,237,3.2391,1.5070
2026-05-24 16:04:41,237,3.0127,1.2679
2026-05-24 16:05:46,237,3.5480,1.4629
2026-05-24 16:06:51,237,3.1531,1.4115
2026-05-24 16:07:56,237,3.4759,1.3426
2026-05-24 16:09:01,237,3.5180,1.5574
2026-05-24 16:10:06,237,3.0004,1.2914
2026-05-24 16:11:11,237,3.1510,1.5381
2026-05-24 16:12:16,237,2.8212,1.2994
2026-05-24 16:13:20,237,3.7846,1.6284
2026-05-24 16:14:26,237,3.5405,1.6704
2026-05-24 16:15:32,237,4.0439,1.3473
2026-05-24 16:16:37,237,3.6328,1.5492
2026-05-24 16:17:43,237,3.4011,1.2967
2026-05-24 16:18:48,237,3.5780,1.3315
